Date,Reachable_Hosts,Authentication_State
20210122-23:12:15.825, 172.19.1.252,Authentication (password) successful!
20210122-23:12:17.582, 172.19.1.253,Authentication (password) successful!
20210122-23:12:18.914, 172.19.1.251,Authentication (password) successful!
20210122-23:12:20.344, 172.19.1.252,Authentication (password) successful!
20210122-23:12:21.707, 172.19.1.253,Authentication (password) successful!
20210122-23:12:22.896, 172.19.1.251,Authentication (password) successful!
20210122-23:12:24.415, 172.19.1.252,Authentication (password) successful!
20210122-23:12:25.655, 172.19.1.253,Authentication (password) successful!
20210122-23:15:59.396, 172.19.1.251,Authentication (password) successful!
20210122-23:16:01.414, 172.19.1.252,Authentication (password) successful!
20210122-23:16:02.903, 172.19.1.253,Authentication (password) successful!
20210122-23:16:04.010, 172.19.1.251,Authentication (password) successful!
20210122-23:16:05.360, 172.19.1.252,Authentication (password) successful!
20210122-23:16:06.824, 172.19.1.253,Authentication (password) successful!
20210122-23:16:08.021, 172.19.1.251,Authentication (password) successful!
20210122-23:16:09.330, 172.19.1.252,Authentication (password) successful!
20210122-23:16:10.684, 172.19.1.253,Authentication (password) successful!
20210122-23:19:48.780, 172.19.1.251,Authentication (password) successful!
20210122-23:19:51.578, 172.19.1.252,Authentication (password) successful!
20210122-23:19:53.508, 172.19.1.253,Authentication (password) successful!
20210122-23:19:55.213, 172.19.1.251,Authentication (password) successful!
20210122-23:19:57.370, 172.19.1.252,Authentication (password) successful!
20210122-23:19:59.241, 172.19.1.253,Authentication (password) successful!
20210122-23:20:01.132, 172.19.1.251,Authentication (password) successful!
20210122-23:20:03.198, 172.19.1.252,Authentication (password) successful!
20210122-23:20:04.800, 172.19.1.253,Authentication (password) successful!
20210122-23:21:01.731, 172.19.1.251,Authentication (password) successful!
20210122-23:21:05.411, 172.19.1.252,Authentication (password) successful!
20210122-23:21:09.742, 172.19.1.253,Authentication (password) successful!
20210122-23:21:12.441, 172.19.1.251,Authentication (password) successful!
20210122-23:21:15.370, 172.19.1.252,Authentication (password) successful!
20210122-23:21:18.285, 172.19.1.253,Authentication (password) successful!
20210122-23:21:19.686, 172.19.1.251,Authentication (password) successful!
20210122-23:21:21.114, 172.19.1.252,Authentication (password) successful!
20210122-23:21:22.709, 172.19.1.253,Authentication (password) successful!
20210122-23:22:15.000, 172.19.1.251,Authentication (password) successful!
20210122-23:22:17.395, 172.19.1.252,Authentication (password) successful!
20210122-23:22:19.131, 172.19.1.253,Authentication (password) successful!
20210122-23:22:20.560, 172.19.1.251,Authentication (password) successful!
20210122-23:22:22.220, 172.19.1.252,Authentication (password) successful!
20210122-23:22:23.858, 172.19.1.253,Authentication (password) successful!
20210122-23:22:25.017, 172.19.1.251,Authentication (password) successful!
20210122-23:22:26.755, 172.19.1.252,Authentication (password) successful!
20210122-23:22:29.043, 172.19.1.253,Authentication (password) successful!
20210122-23:23:40.946, 172.19.1.251,Authentication (password) successful!
20210122-23:23:42.807, 172.19.1.252,Authentication (password) successful!
20210122-23:23:44.355, 172.19.1.253,Authentication (password) successful!
20210122-23:23:45.376, 172.19.1.251,Authentication (password) successful!
20210122-23:23:46.801, 172.19.1.252,Authentication (password) successful!
20210122-23:23:48.458, 172.19.1.253,Authentication (password) successful!
20210122-23:23:49.596, 172.19.1.251,Authentication (password) successful!
20210122-23:23:51.063, 172.19.1.252,Authentication (password) successful!
20210122-23:23:52.488, 172.19.1.253,Authentication (password) successful!
20210122-23:24:40.507, 172.19.1.251,Authentication (password) successful!
20210122-23:24:43.195, 172.19.1.252,Authentication (password) successful!
20210122-23:24:45.455, 172.19.1.253,Authentication (password) successful!
20210122-23:24:46.696, 172.19.1.251,Authentication (password) successful!
20210122-23:24:48.149, 172.19.1.252,Authentication (password) successful!
20210122-23:24:49.762, 172.19.1.253,Authentication (password) successful!
20210122-23:24:50.835, 172.19.1.251,Authentication (password) successful!
20210122-23:24:52.291, 172.19.1.252,Authentication (password) successful!
20210122-23:24:53.788, 172.19.1.253,Authentication (password) successful!
20210122-23:25:43.949, 172.19.1.251,Authentication (password) successful!
20210122-23:25:45.762, 172.19.1.252,Authentication (password) successful!
20210122-23:25:47.726, 172.19.1.253,Authentication (password) successful!
20210122-23:25:49.290, 172.19.1.251,Authentication (password) successful!
20210122-23:25:51.701, 172.19.1.252,Authentication (password) successful!
20210122-23:25:53.637, 172.19.1.253,Authentication (password) successful!
20210122-23:25:55.377, 172.19.1.251,Authentication (password) successful!
20210122-23:25:56.977, 172.19.1.252,Authentication (password) successful!
20210122-23:25:58.622, 172.19.1.253,Authentication (password) successful!
20210122-23:26:44.358, 172.19.1.251,Authentication (password) successful!
20210122-23:26:46.342, 172.19.1.252,Authentication (password) successful!
20210122-23:26:47.937, 172.19.1.253,Authentication (password) successful!
20210122-23:26:49.265, 172.19.1.251,Authentication (password) successful!
20210122-23:26:51.347, 172.19.1.252,Authentication (password) successful!
20210122-23:26:52.914, 172.19.1.253,Authentication (password) successful!
20210122-23:26:54.037, 172.19.1.251,Authentication (password) successful!
20210122-23:26:55.599, 172.19.1.252,Authentication (password) successful!
20210122-23:26:57.377, 172.19.1.253,Authentication (password) successful!
20210122-23:29:53.623, 172.19.1.251,Authentication (password) successful!
20210122-23:29:55.348, 172.19.1.252,Authentication (password) successful!
20210122-23:29:56.812, 172.19.1.253,Authentication (password) successful!
20210122-23:29:58.028, 172.19.1.251,Authentication (password) successful!
20210122-23:29:59.637, 172.19.1.252,Authentication (password) successful!
20210122-23:30:01.601, 172.19.1.253,Authentication (password) successful!
20210122-23:30:03.176, 172.19.1.251,Authentication (password) successful!
20210122-23:30:04.919, 172.19.1.252,Authentication (password) successful!
20210122-23:30:06.557, 172.19.1.253,Authentication (password) successful!
20210122-23:30:32.809, 172.19.1.251,Authentication (password) successful!
20210122-23:30:34.880, 172.19.1.252,Authentication (password) successful!
20210122-23:30:36.570, 172.19.1.253,Authentication (password) successful!
20210122-23:30:38.020, 172.19.1.251,Authentication (password) successful!
20210122-23:30:40.073, 172.19.1.252,Authentication (password) successful!
20210122-23:30:42.091, 172.19.1.253,Authentication (password) successful!
20210122-23:30:43.957, 172.19.1.251,Authentication (password) successful!
20210122-23:30:46.212, 172.19.1.252,Authentication (password) successful!
20210122-23:30:48.417, 172.19.1.253,Authentication (password) successful!
20210122-23:35:07.639, 172.19.1.251,Authentication (password) successful!
20210122-23:35:10.825, 172.19.1.252,Authentication (password) successful!
20210122-23:35:13.407, 172.19.1.253,Authentication (password) successful!
20210122-23:35:15.372, 172.19.1.251,Authentication (password) successful!
20210122-23:35:18.924, 172.19.1.252,Authentication (password) successful!
20210122-23:35:22.372, 172.19.1.253,Authentication (password) successful!
20210122-23:35:24.543, 172.19.1.251,Authentication (password) successful!
20210122-23:35:28.093, 172.19.1.252,Authentication (password) successful!
20210122-23:35:30.211, 172.19.1.253,Authentication (password) successful!
20210122-23:36:40.167, 172.19.1.251,Authentication (password) successful!
20210122-23:36:42.149, 172.19.1.252,Authentication (password) successful!
20210122-23:36:43.988, 172.19.1.253,Authentication (password) successful!
20210122-23:36:45.610, 172.19.1.251,Authentication (password) successful!
20210122-23:36:47.530, 172.19.1.252,Authentication (password) successful!
20210122-23:36:49.162, 172.19.1.253,Authentication (password) successful!
20210122-23:36:50.487, 172.19.1.251,Authentication (password) successful!
20210122-23:36:52.422, 172.19.1.252,Authentication (password) successful!
20210122-23:36:53.936, 172.19.1.253,Authentication (password) successful!
20210122-23:37:45.831, 172.19.1.251,Authentication (password) successful!
20210122-23:37:47.773, 172.19.1.252,Authentication (password) successful!
20210122-23:37:49.744, 172.19.1.253,Authentication (password) successful!
20210122-23:37:51.271, 172.19.1.251,Authentication (password) successful!
20210122-23:37:53.435, 172.19.1.252,Authentication (password) successful!
20210122-23:37:55.942, 172.19.1.253,Authentication (password) successful!
20210122-23:37:57.996, 172.19.1.251,Authentication (password) successful!
20210122-23:38:00.372, 172.19.1.252,Authentication (password) successful!
20210122-23:38:02.531, 172.19.1.253,Authentication (password) successful!
20210122-23:44:53.847, 172.19.1.251,Authentication (password) successful!
20210122-23:44:55.867, 172.19.1.252,Authentication (password) successful!
20210122-23:44:57.653, 172.19.1.253,Authentication (password) successful!
20210122-23:44:59.091, 172.19.1.251,Authentication (password) successful!
20210122-23:45:01.335, 172.19.1.252,Authentication (password) successful!
20210122-23:45:03.605, 172.19.1.253,Authentication (password) successful!
20210122-23:45:05.007, 172.19.1.251,Authentication (password) successful!
20210122-23:45:07.332, 172.19.1.252,Authentication (password) successful!
20210122-23:45:09.384, 172.19.1.253,Authentication (password) successful!
20210122-23:48:59.406, 172.19.1.251,Authentication (password) successful!
20210122-23:49:02.408, 172.19.1.252,Authentication (password) successful!
20210122-23:49:04.783, 172.19.1.253,Authentication (password) successful!
20210122-23:49:06.729, 172.19.1.251,Authentication (password) successful!
20210122-23:49:09.121, 172.19.1.252,Authentication (password) successful!
20210122-23:49:11.206, 172.19.1.253,Authentication (password) successful!
20210122-23:49:14.264, 172.19.1.251,Authentication (password) successful!
20210122-23:49:16.323, 172.19.1.252,Authentication (password) successful!
20210122-23:49:18.344, 172.19.1.253,Authentication (password) successful!
20210122-23:58:56.317, 172.19.1.251,Authentication (password) successful!
20210122-23:58:58.958, 172.19.1.252,Authentication (password) successful!
20210122-23:59:01.529, 172.19.1.253,Authentication (password) successful!
20210122-23:59:03.322, 172.19.1.251,Authentication (password) successful!
20210122-23:59:05.339, 172.19.1.252,Authentication (password) successful!
20210122-23:59:07.220, 172.19.1.253,Authentication (password) successful!
20210122-23:59:08.824, 172.19.1.251,Authentication (password) successful!
20210122-23:59:10.548, 172.19.1.252,Authentication (password) successful!
20210122-23:59:12.623, 172.19.1.253,Authentication (password) successful!
20210123-00:04:12.598, 172.19.1.251,Authentication (password) successful!
20210123-00:04:17.794, 172.19.1.252,Authentication (password) successful!
20210123-00:04:21.764, 172.19.1.253,Authentication (password) successful!
20210123-00:04:24.619, 172.19.1.251,Authentication (password) successful!
20210123-00:04:26.861, 172.19.1.252,Authentication (password) successful!
20210123-00:04:28.948, 172.19.1.253,Authentication (password) successful!
20210123-00:04:30.626, 172.19.1.251,Authentication (password) successful!
20210123-00:04:33.021, 172.19.1.252,Authentication (password) successful!
20210123-00:04:35.907, 172.19.1.253,Authentication (password) successful!
20210123-00:06:50.264, 172.19.1.251,Authentication (password) successful!
20210123-00:06:53.467, 172.19.1.252,Authentication (password) successful!
20210123-00:06:55.936, 172.19.1.253,Authentication (password) successful!
20210123-00:06:57.753, 172.19.1.251,Authentication (password) successful!
20210123-00:07:01.029, 172.19.1.252,Authentication (password) successful!
20210123-00:07:03.347, 172.19.1.253,Authentication (password) successful!
20210123-00:07:05.885, 172.19.1.251,Authentication (password) successful!
20210123-00:07:10.821, 172.19.1.252,Authentication (password) successful!
20210123-00:07:13.746, 172.19.1.253,Authentication (password) successful!
20210123-00:10:45.124, 172.19.1.251,Authentication (password) successful!
20210123-00:10:47.581, 172.19.1.252,Authentication (password) successful!
20210123-00:10:50.177, 172.19.1.253,Authentication (password) successful!
20210123-00:10:52.855, 172.19.1.251,Authentication (password) successful!
20210123-00:10:55.547, 172.19.1.252,Authentication (password) successful!
20210123-00:10:57.590, 172.19.1.253,Authentication (password) successful!
20210123-00:10:59.221, 172.19.1.251,Authentication (password) successful!
20210123-00:11:01.457, 172.19.1.252,Authentication (password) successful!
20210123-00:11:03.558, 172.19.1.253,Authentication (password) successful!
20210123-00:16:58.933, 172.19.1.251,Authentication (password) successful!
20210123-00:17:01.846, 172.19.1.252,Authentication (password) successful!
20210123-00:17:04.884, 172.19.1.253,Authentication (password) successful!
20210123-00:17:07.631, 172.19.1.251,Authentication (password) successful!
20210123-00:17:10.038, 172.19.1.252,Authentication (password) successful!
20210123-00:17:12.393, 172.19.1.253,Authentication (password) successful!
20210123-00:17:13.813, 172.19.1.251,Authentication (password) successful!
20210123-00:17:15.632, 172.19.1.252,Authentication (password) successful!
20210123-00:17:17.952, 172.19.1.253,Authentication (password) successful!
20210123-00:18:26.962, 172.19.1.251,Authentication (password) successful!
20210123-00:18:29.834, 172.19.1.252,Authentication (password) successful!
20210123-00:18:31.881, 172.19.1.253,Authentication (password) successful!
20210123-00:18:34.280, 172.19.1.251,Authentication (password) successful!
20210123-00:18:37.186, 172.19.1.252,Authentication (password) successful!
20210123-00:18:39.493, 172.19.1.253,Authentication (password) successful!
20210123-00:18:41.455, 172.19.1.251,Authentication (password) successful!
20210123-00:18:44.430, 172.19.1.252,Authentication (password) successful!
20210123-00:18:46.577, 172.19.1.253,Authentication (password) successful!
20210123-00:20:43.022, 172.19.1.251,Authentication (password) successful!
20210123-00:20:46.193, 172.19.1.252,Authentication (password) successful!
20210123-00:20:48.520, 172.19.1.253,Authentication (password) successful!
20210123-00:20:50.935, 172.19.1.251,Authentication (password) successful!
20210123-00:20:53.595, 172.19.1.252,Authentication (password) successful!
20210123-00:20:57.384, 172.19.1.253,Authentication (password) successful!
20210123-00:20:59.454, 172.19.1.251,Authentication (password) successful!
20210123-00:21:02.436, 172.19.1.252,Authentication (password) successful!
20210123-00:21:05.119, 172.19.1.253,Authentication (password) successful!
20210123-00:22:11.593, 172.19.1.251,Authentication (password) successful!
20210123-00:22:16.259, 172.19.1.252,Authentication (password) successful!
20210123-00:22:19.928, 172.19.1.253,Authentication (password) successful!
20210123-00:22:24.937, 172.19.1.251,Authentication (password) successful!
20210123-00:22:29.507, 172.19.1.252,Authentication (password) successful!
20210123-00:22:32.461, 172.19.1.253,Authentication (password) successful!
20210123-00:22:35.585, 172.19.1.251,Authentication (password) successful!
20210123-00:22:39.949, 172.19.1.252,Authentication (password) successful!
20210123-00:22:43.564, 172.19.1.253,Authentication (password) successful!
20210123-00:23:32.032, 172.19.1.251,Authentication (password) successful!
20210123-00:23:36.022, 172.19.1.252,Authentication (password) successful!
20210123-00:23:39.844, 172.19.1.253,Authentication (password) successful!
20210123-00:23:42.933, 172.19.1.251,Authentication (password) successful!
20210123-00:23:46.336, 172.19.1.252,Authentication (password) successful!
20210123-00:23:49.227, 172.19.1.253,Authentication (password) successful!
20210123-00:23:51.973, 172.19.1.251,Authentication (password) successful!
20210123-00:23:55.412, 172.19.1.252,Authentication (password) successful!
20210123-00:23:58.278, 172.19.1.253,Authentication (password) successful!
20210123-00:26:24.009, 172.19.1.251,Authentication (password) successful!
20210123-00:26:31.065, 172.19.1.252,Authentication (password) successful!
20210123-00:26:35.620, 172.19.1.253,Authentication (password) successful!
20210123-00:26:40.879, 172.19.1.251,Authentication (password) successful!
20210123-00:26:44.542, 172.19.1.252,Authentication (password) successful!
20210123-00:26:47.909, 172.19.1.253,Authentication (password) successful!
20210123-00:26:51.310, 172.19.1.251,Authentication (password) successful!
20210123-00:26:56.612, 172.19.1.252,Authentication (password) successful!
20210123-00:27:00.590, 172.19.1.253,Authentication (password) successful!
20210123-00:35:22.658, 172.19.1.251,Authentication (password) successful!
20210123-00:35:27.435, 172.19.1.252,Authentication (password) successful!
20210123-00:35:38.399, 172.19.1.253,Authentication (password) successful!
20210123-00:35:45.056, 172.19.1.251,Authentication (password) successful!
20210123-00:35:49.374, 172.19.1.252,Authentication (password) successful!
20210123-00:35:56.293, 172.19.1.253,Authentication (password) successful!
20210123-00:36:00.793, 172.19.1.251,Authentication (password) successful!
20210123-00:36:04.651, 172.19.1.252,Authentication (password) successful!
20210123-00:36:10.348, 172.19.1.253,Authentication (password) successful!
20210123-00:39:19.086, 172.19.1.251,Authentication (password) successful!
20210123-00:39:22.819, 172.19.1.252,Authentication (password) successful!
20210123-00:39:25.672, 172.19.1.253,Authentication (password) successful!
20210123-00:39:27.955, 172.19.1.251,Authentication (password) successful!
20210123-00:39:31.162, 172.19.1.252,Authentication (password) successful!
20210123-00:39:34.983, 172.19.1.253,Authentication (password) successful!
20210123-00:39:37.214, 172.19.1.251,Authentication (password) successful!
20210123-00:39:41.329, 172.19.1.252,Authentication (password) successful!
20210123-00:39:44.523, 172.19.1.253,Authentication (password) successful!
20210123-00:40:27.138, 172.19.1.251,Authentication (password) successful!
20210123-00:40:32.117, 172.19.1.252,Authentication (password) successful!
20210123-00:40:35.259, 172.19.1.253,Authentication (password) successful!
20210123-00:40:37.657, 172.19.1.251,Authentication (password) successful!
20210123-00:40:42.248, 172.19.1.252,Authentication (password) successful!
20210123-00:40:46.333, 172.19.1.253,Authentication (password) successful!
20210123-00:40:49.391, 172.19.1.251,Authentication (password) successful!
20210123-00:40:53.477, 172.19.1.252,Authentication (password) successful!
20210123-00:40:56.154, 172.19.1.253,Authentication (password) successful!
20210123-00:41:51.990, 172.19.1.251,Authentication (password) successful!
20210123-00:41:55.386, 172.19.1.252,Authentication (password) successful!
20210123-00:41:59.364, 172.19.1.253,Authentication (password) successful!
20210123-00:42:02.311, 172.19.1.251,Authentication (password) successful!
20210123-00:42:05.252, 172.19.1.252,Authentication (password) successful!
20210123-00:42:08.116, 172.19.1.253,Authentication (password) successful!
20210123-00:42:11.140, 172.19.1.251,Authentication (password) successful!
20210123-00:42:14.652, 172.19.1.252,Authentication (password) successful!
20210123-00:42:17.605, 172.19.1.253,Authentication (password) successful!
20210123-00:43:06.950, 172.19.1.251,Authentication (password) successful!
20210123-00:43:11.028, 172.19.1.252,Authentication (password) successful!
20210123-00:43:14.587, 172.19.1.253,Authentication (password) successful!
20210123-00:43:18.589, 172.19.1.251,Authentication (password) successful!
20210123-00:43:21.554, 172.19.1.252,Authentication (password) successful!
20210123-00:43:25.662, 172.19.1.253,Authentication (password) successful!
20210123-00:43:27.942, 172.19.1.251,Authentication (password) successful!
20210123-00:43:31.461, 172.19.1.252,Authentication (password) successful!
20210123-00:43:34.603, 172.19.1.253,Authentication (password) successful!
20210123-00:55:33.264, 172.19.1.251,Authentication (password) successful!
20210123-00:55:39.058, 172.19.1.252,Authentication (password) successful!
20210123-00:55:42.930, 172.19.1.253,Authentication (password) successful!
20210123-00:55:45.286, 172.19.1.251,Authentication (password) successful!
20210123-00:55:48.532, 172.19.1.252,Authentication (password) successful!
20210123-00:55:51.501, 172.19.1.253,Authentication (password) successful!
20210123-00:55:54.375, 172.19.1.251,Authentication (password) successful!
20210123-00:55:57.252, 172.19.1.252,Authentication (password) successful!
20210123-00:56:00.592, 172.19.1.253,Authentication (password) successful!
20210123-00:57:53.185, 172.19.1.251,Authentication (password) successful!
20210123-00:58:00.195, 172.19.1.252,Authentication (password) successful!
20210123-00:58:08.520, 172.19.1.253,Authentication (password) successful!
20210123-00:58:15.057, 172.19.1.251,Authentication (password) successful!
20210123-00:58:20.474, 172.19.1.252,Authentication (password) successful!
20210123-00:58:25.803, 172.19.1.253,Authentication (password) successful!
20210123-00:58:32.148, 172.19.1.251,Authentication (password) successful!
20210123-00:58:36.359, 172.19.1.252,Authentication (password) successful!
20210123-00:58:39.476, 172.19.1.253,Authentication (password) successful!
20210123-01:02:53.573, 172.19.1.251,Authentication (password) successful!
20210123-01:02:58.294, 172.19.1.252,Authentication (password) successful!
20210123-01:03:10.422, 172.19.1.253,Authentication (password) successful!
20210123-01:03:14.761, 172.19.1.251,Authentication (password) successful!
20210123-01:03:21.052, 172.19.1.252,Authentication (password) successful!
20210123-01:03:26.341, 172.19.1.253,Authentication (password) successful!
20210123-01:03:30.424, 172.19.1.251,Authentication (password) successful!
20210123-01:03:37.040, 172.19.1.252,Authentication (password) successful!
20210123-01:03:44.662, 172.19.1.253,Authentication (password) successful!
20210123-01:07:27.836, 172.19.1.252,Authentication (password) successful!
20210123-01:07:33.193, 172.19.1.253,Authentication (password) successful!
20210123-01:07:59.014, 172.19.1.252,Authentication (password) successful!
20210123-01:08:03.040, 172.19.1.253,Authentication (password) successful!
20210123-01:08:27.901, 172.19.1.252,Authentication (password) successful!
20210123-01:08:30.824, 172.19.1.253,Authentication (password) successful!
20210123-01:09:41.228, 172.19.1.252,Authentication (password) successful!
20210123-01:09:45.427, 172.19.1.253,Authentication (password) successful!
20210123-01:10:10.179, 172.19.1.252,Authentication (password) successful!
20210123-01:10:13.669, 172.19.1.253,Authentication (password) successful!
20210123-01:10:38.339, 172.19.1.252,Authentication (password) successful!
20210123-01:10:42.507, 172.19.1.253,Authentication (password) successful!
20210123-01:12:13.176, 172.19.1.252,Authentication (password) successful!
20210123-01:12:17.848, 172.19.1.253,Authentication (password) successful!
20210123-01:12:44.129, 172.19.1.252,Authentication (password) successful!
20210123-01:12:49.827, 172.19.1.253,Authentication (password) successful!
20210123-01:13:15.513, 172.19.1.252,Authentication (password) successful!
20210123-01:13:20.585, 172.19.1.253,Authentication (password) successful!
20210123-01:14:43.860, 172.19.1.252,Authentication (password) successful!
20210123-01:14:47.741, 172.19.1.253,Authentication (password) successful!
20210123-01:15:12.886, 172.19.1.252,Authentication (password) successful!
20210123-01:15:15.929, 172.19.1.253,Authentication (password) successful!
20210123-01:15:41.009, 172.19.1.252,Authentication (password) successful!
20210123-01:15:44.140, 172.19.1.253,Authentication (password) successful!
20210123-01:18:20.698, 172.19.1.252,Authentication (password) successful!
20210123-01:18:31.357, 172.19.1.253,Authentication (password) successful!
20210123-01:18:58.109, 172.19.1.252,Authentication (password) successful!
20210123-01:19:03.755, 172.19.1.253,Authentication (password) successful!
20210123-01:19:32.369, 172.19.1.252,Authentication (password) successful!
20210123-01:19:39.306, 172.19.1.253,Authentication (password) successful!
20210123-01:23:19.993, 172.19.1.252,Authentication (password) successful!
20210123-01:23:24.071, 172.19.1.253,Authentication (password) successful!
20210123-01:23:48.835, 172.19.1.252,Authentication (password) successful!
20210123-01:23:52.812, 172.19.1.253,Authentication (password) successful!
20210123-01:24:17.292, 172.19.1.252,Authentication (password) successful!
20210123-01:24:20.794, 172.19.1.253,Authentication (password) successful!
20210123-01:26:05.837, 172.19.1.252,Authentication (password) successful!
20210123-01:26:09.818, 172.19.1.253,Authentication (password) successful!
20210123-01:26:34.764, 172.19.1.252,Authentication (password) successful!
20210123-01:26:38.206, 172.19.1.253,Authentication (password) successful!
20210123-01:27:03.160, 172.19.1.252,Authentication (password) successful!
20210123-01:27:05.716, 172.19.1.253,Authentication (password) successful!
20210123-01:30:00.157, 172.19.1.252,Authentication (password) successful!
20210123-01:30:03.959, 172.19.1.253,Authentication (password) successful!
20210123-01:30:29.967, 172.19.1.252,Authentication (password) successful!
20210123-01:30:35.243, 172.19.1.253,Authentication (password) successful!
20210123-01:31:00.333, 172.19.1.252,Authentication (password) successful!
20210123-01:31:06.023, 172.19.1.253,Authentication (password) successful!
20210123-01:36:41.257, 172.19.1.252,Authentication (password) successful!
20210123-01:36:45.240, 172.19.1.253,Authentication (password) successful!
20210123-01:37:10.820, 172.19.1.252,Authentication (password) successful!
20210123-01:37:14.135, 172.19.1.253,Authentication (password) successful!
20210123-01:37:38.689, 172.19.1.252,Authentication (password) successful!
20210123-01:37:41.497, 172.19.1.253,Authentication (password) successful!
20210123-01:40:18.253, 172.19.1.252,Authentication (password) successful!
20210123-01:40:22.091, 172.19.1.253,Authentication (password) successful!
20210123-01:40:46.210, 172.19.1.252,Authentication (password) successful!
20210123-01:40:49.729, 172.19.1.253,Authentication (password) successful!
20210123-01:41:15.108, 172.19.1.252,Authentication (password) successful!
20210123-01:41:18.243, 172.19.1.253,Authentication (password) successful!
20210123-01:46:11.711, 172.19.1.252,Authentication (password) successful!
20210123-01:46:15.679, 172.19.1.253,Authentication (password) successful!
20210123-01:46:39.815, 172.19.1.252,Authentication (password) successful!
20210123-01:46:44.233, 172.19.1.253,Authentication (password) successful!
20210123-01:47:09.258, 172.19.1.252,Authentication (password) successful!
20210123-01:47:13.889, 172.19.1.253,Authentication (password) successful!
20210123-01:53:55.020, 172.19.1.252,Authentication (password) successful!
20210123-01:53:59.764, 172.19.1.253,Authentication (password) successful!
20210123-01:54:24.461, 172.19.1.252,Authentication (password) successful!
20210123-01:54:28.317, 172.19.1.253,Authentication (password) successful!
20210123-01:54:52.887, 172.19.1.252,Authentication (password) successful!
20210123-01:54:56.759, 172.19.1.253,Authentication (password) successful!
20210123-01:58:50.677, 172.19.1.252,Authentication (password) successful!
20210123-01:58:55.257, 172.19.1.253,Authentication (password) successful!
20210123-01:59:20.424, 172.19.1.252,Authentication (password) successful!
20210123-01:59:23.444, 172.19.1.253,Authentication (password) successful!
20210123-01:59:48.454, 172.19.1.252,Authentication (password) successful!
20210123-01:59:51.831, 172.19.1.253,Authentication (password) successful!
20210123-02:02:28.109, 172.19.1.252,Authentication (password) successful!
20210123-02:02:33.391, 172.19.1.253,Authentication (password) successful!
20210123-02:02:58.817, 172.19.1.252,Authentication (password) successful!
20210123-02:03:03.080, 172.19.1.253,Authentication (password) successful!
20210123-02:03:28.661, 172.19.1.252,Authentication (password) successful!
20210123-02:03:33.729, 172.19.1.253,Authentication (password) successful!
20210123-18:08:16.402, 172.19.1.252,Authentication (password) successful!
20210123-18:08:18.961, 172.19.1.253,Authentication (password) successful!
20210123-18:08:42.297, 172.19.1.252,Authentication (password) successful!
20210123-18:08:44.151, 172.19.1.253,Authentication (password) successful!
20210123-18:09:07.776, 172.19.1.252,Authentication (password) successful!
20210123-18:09:09.275, 172.19.1.253,Authentication (password) successful!
20210123-18:12:49.059, 172.19.1.252,Authentication (password) successful!
20210123-18:12:51.257, 172.19.1.253,Authentication (password) successful!
20210123-18:13:13.723, 172.19.1.252,Authentication (password) successful!
20210123-18:13:15.137, 172.19.1.253,Authentication (password) successful!
20210123-18:13:38.001, 172.19.1.252,Authentication (password) successful!
20210123-18:13:40.620, 172.19.1.253,Authentication (password) successful!
20210123-18:29:28.729, 172.19.1.252,Authentication (password) successful!
20210123-18:29:30.449, 172.19.1.253,Authentication (password) successful!
20210123-18:29:52.976, 172.19.1.252,Authentication (password) successful!
20210123-18:29:54.495, 172.19.1.253,Authentication (password) successful!
20210123-18:30:17.033, 172.19.1.252,Authentication (password) successful!
20210123-18:30:18.689, 172.19.1.253,Authentication (password) successful!
20210123-18:32:12.587, 172.19.1.252,Authentication (password) successful!
20210123-18:32:14.350, 172.19.1.253,Authentication (password) successful!
20210123-18:32:37.008, 172.19.1.252,Authentication (password) successful!
20210123-18:32:38.420, 172.19.1.253,Authentication (password) successful!
20210123-18:33:01.134, 172.19.1.252,Authentication (password) successful!
20210123-18:33:02.777, 172.19.1.253,Authentication (password) successful!
20210123-18:34:03.917, 172.19.1.252,Authentication (password) successful!
20210123-18:34:05.712, 172.19.1.253,Authentication (password) successful!
20210123-18:34:28.337, 172.19.1.252,Authentication (password) successful!
20210123-18:34:30.126, 172.19.1.253,Authentication (password) successful!
20210123-18:34:52.718, 172.19.1.252,Authentication (password) successful!
20210123-18:34:54.083, 172.19.1.253,Authentication (password) successful!
20210123-18:36:12.423, 172.19.1.252,Authentication (password) successful!
20210123-18:36:13.848, 172.19.1.253,Authentication (password) successful!
20210123-18:36:37.019, 172.19.1.252,Authentication (password) successful!
20210123-18:36:38.963, 172.19.1.253,Authentication (password) successful!
20210123-18:37:01.478, 172.19.1.252,Authentication (password) successful!
20210123-18:37:02.856, 172.19.1.253,Authentication (password) successful!
20210123-18:39:02.255, 172.19.1.252,Authentication (password) successful!
20210123-18:39:03.947, 172.19.1.253,Authentication (password) successful!
20210123-18:39:26.077, 172.19.1.252,Authentication (password) successful!
20210123-18:39:27.416, 172.19.1.253,Authentication (password) successful!
20210123-18:39:50.046, 172.19.1.252,Authentication (password) successful!
20210123-18:39:51.512, 172.19.1.253,Authentication (password) successful!
20210123-18:41:30.435, 172.19.1.252,Authentication (password) successful!
20210123-18:41:32.166, 172.19.1.253,Authentication (password) successful!
20210123-18:41:54.803, 172.19.1.252,Authentication (password) successful!
20210123-18:41:56.572, 172.19.1.253,Authentication (password) successful!
20210123-18:42:19.276, 172.19.1.252,Authentication (password) successful!
20210123-18:42:20.891, 172.19.1.253,Authentication (password) successful!
20210123-18:44:01.550, 172.19.1.252,Authentication (password) successful!
20210123-18:44:03.691, 172.19.1.253,Authentication (password) successful!
20210123-18:44:26.414, 172.19.1.252,Authentication (password) successful!
20210123-18:44:28.119, 172.19.1.253,Authentication (password) successful!
20210123-18:44:50.935, 172.19.1.252,Authentication (password) successful!
20210123-18:44:52.465, 172.19.1.253,Authentication (password) successful!
20210123-19:03:15.265, 172.19.1.252,Authentication (password) successful!
20210123-19:03:17.469, 172.19.1.253,Authentication (password) successful!
20210123-19:03:40.057, 172.19.1.252,Authentication (password) successful!
20210123-19:03:41.783, 172.19.1.253,Authentication (password) successful!
20210123-19:04:04.297, 172.19.1.252,Authentication (password) successful!
20210123-19:04:05.764, 172.19.1.253,Authentication (password) successful!
20210123-19:05:58.727, 172.19.1.252,Authentication (password) successful!
20210123-19:06:00.734, 172.19.1.253,Authentication (password) successful!
20210123-19:06:23.894, 172.19.1.252,Authentication (password) successful!
20210123-19:06:25.976, 172.19.1.253,Authentication (password) successful!
20210123-19:06:49.007, 172.19.1.252,Authentication (password) successful!
20210123-19:06:50.827, 172.19.1.253,Authentication (password) successful!
20210123-19:09:18.867, 172.19.1.252,Authentication (password) successful!
20210123-19:09:20.743, 172.19.1.253,Authentication (password) successful!
20210123-19:09:43.194, 172.19.1.252,Authentication (password) successful!
20210123-19:09:44.783, 172.19.1.253,Authentication (password) successful!
20210123-19:10:07.438, 172.19.1.252,Authentication (password) successful!
20210123-19:10:08.893, 172.19.1.253,Authentication (password) successful!
20210123-19:12:19.231, 172.19.1.252,Authentication (password) successful!
20210123-19:12:21.014, 172.19.1.253,Authentication (password) successful!
20210123-19:12:43.666, 172.19.1.252,Authentication (password) successful!
20210123-19:12:45.415, 172.19.1.253,Authentication (password) successful!
20210123-19:13:07.994, 172.19.1.252,Authentication (password) successful!
20210123-19:13:09.646, 172.19.1.253,Authentication (password) successful!
20210123-19:14:19.072, 172.19.1.252,Authentication (password) successful!
20210123-19:14:20.839, 172.19.1.253,Authentication (password) successful!
20210123-19:14:43.427, 172.19.1.252,Authentication (password) successful!
20210123-19:14:44.866, 172.19.1.253,Authentication (password) successful!
20210123-19:15:07.592, 172.19.1.252,Authentication (password) successful!
20210123-19:15:09.278, 172.19.1.253,Authentication (password) successful!
20210123-19:16:38.274, 172.19.1.252,Authentication (password) successful!
20210123-19:16:40.189, 172.19.1.253,Authentication (password) successful!
20210123-19:17:02.749, 172.19.1.252,Authentication (password) successful!
20210123-19:17:04.293, 172.19.1.253,Authentication (password) successful!
20210123-19:17:26.887, 172.19.1.252,Authentication (password) successful!
20210123-19:17:28.582, 172.19.1.253,Authentication (password) successful!
20210123-19:19:12.004, 172.19.1.252,Authentication (password) successful!
20210123-19:19:14.047, 172.19.1.253,Authentication (password) successful!
20210123-19:19:36.714, 172.19.1.252,Authentication (password) successful!
20210123-19:19:38.052, 172.19.1.253,Authentication (password) successful!
20210123-19:20:00.501, 172.19.1.252,Authentication (password) successful!
20210123-19:20:02.093, 172.19.1.253,Authentication (password) successful!
20210123-19:23:18.672, 172.19.1.252,Authentication (password) successful!
20210123-19:23:20.494, 172.19.1.253,Authentication (password) successful!
20210123-19:23:43.159, 172.19.1.252,Authentication (password) successful!
20210123-19:23:44.739, 172.19.1.253,Authentication (password) successful!
20210123-19:24:07.273, 172.19.1.252,Authentication (password) successful!
20210123-19:24:08.795, 172.19.1.253,Authentication (password) successful!
20210123-19:26:16.992, 172.19.1.252,Authentication (password) successful!
20210123-19:26:18.937, 172.19.1.253,Authentication (password) successful!
20210123-19:26:41.631, 172.19.1.252,Authentication (password) successful!
20210123-19:26:43.208, 172.19.1.253,Authentication (password) successful!
20210123-19:27:05.795, 172.19.1.252,Authentication (password) successful!
20210123-19:27:07.275, 172.19.1.253,Authentication (password) successful!
20210123-19:33:42.690, 172.19.1.252,Authentication (password) successful!
20210123-19:33:44.433, 172.19.1.253,Authentication (password) successful!
20210123-19:34:06.898, 172.19.1.252,Authentication (password) successful!
20210123-19:34:08.378, 172.19.1.253,Authentication (password) successful!
20210123-19:34:30.942, 172.19.1.252,Authentication (password) successful!
20210123-19:34:32.490, 172.19.1.253,Authentication (password) successful!
20210123-19:36:22.280, 172.19.1.252,Authentication (password) successful!
20210123-19:36:23.958, 172.19.1.253,Authentication (password) successful!
20210123-19:36:46.475, 172.19.1.252,Authentication (password) successful!
20210123-19:36:48.073, 172.19.1.253,Authentication (password) successful!
20210123-19:37:10.814, 172.19.1.252,Authentication (password) successful!
20210123-19:37:12.600, 172.19.1.253,Authentication (password) successful!
20210123-19:38:37.377, 172.19.1.252,Authentication (password) successful!
20210123-19:38:39.203, 172.19.1.253,Authentication (password) successful!
20210123-19:39:01.653, 172.19.1.252,Authentication (password) successful!
20210123-19:39:03.258, 172.19.1.253,Authentication (password) successful!
20210123-19:39:25.703, 172.19.1.252,Authentication (password) successful!
20210123-19:39:27.408, 172.19.1.253,Authentication (password) successful!
20210123-19:43:17.650, 172.19.1.252,Authentication (password) successful!
20210123-19:43:19.449, 172.19.1.253,Authentication (password) successful!
20210123-19:43:42.037, 172.19.1.252,Authentication (password) successful!
20210123-19:43:43.504, 172.19.1.253,Authentication (password) successful!
20210123-19:44:06.047, 172.19.1.252,Authentication (password) successful!
20210123-19:44:07.432, 172.19.1.253,Authentication (password) successful!
20210123-19:45:45.543, 172.19.1.252,Authentication (password) successful!
20210123-19:45:47.382, 172.19.1.253,Authentication (password) successful!
20210123-19:46:09.903, 172.19.1.252,Authentication (password) successful!
20210123-19:46:11.644, 172.19.1.253,Authentication (password) successful!
20210123-19:46:34.143, 172.19.1.252,Authentication (password) successful!
20210123-19:46:35.534, 172.19.1.253,Authentication (password) successful!
20210123-19:48:16.975, 172.19.1.252,Authentication (password) successful!
20210123-19:48:18.534, 172.19.1.253,Authentication (password) successful!
20210123-19:48:40.926, 172.19.1.252,Authentication (password) successful!
20210123-19:48:42.412, 172.19.1.253,Authentication (password) successful!
20210123-19:49:04.950, 172.19.1.252,Authentication (password) successful!
20210123-19:49:06.473, 172.19.1.253,Authentication (password) successful!
20210123-19:51:55.251, 172.19.1.252,Authentication (password) successful!
20210123-19:51:57.120, 172.19.1.253,Authentication (password) successful!
20210123-19:52:19.756, 172.19.1.252,Authentication (password) successful!
20210123-19:52:21.350, 172.19.1.253,Authentication (password) successful!
20210123-19:52:43.957, 172.19.1.252,Authentication (password) successful!
20210123-19:52:45.990, 172.19.1.253,Authentication (password) successful!
20210123-19:55:43.578, 172.19.1.252,Authentication (password) successful!
20210123-19:55:45.287, 172.19.1.253,Authentication (password) successful!
20210123-19:56:07.649, 172.19.1.252,Authentication (password) successful!
20210123-19:56:09.043, 172.19.1.253,Authentication (password) successful!
20210123-19:56:31.786, 172.19.1.252,Authentication (password) successful!
20210123-19:56:33.559, 172.19.1.253,Authentication (password) successful!
20210123-19:59:06.661, 172.19.1.252,Authentication (password) successful!
20210123-19:59:08.232, 172.19.1.253,Authentication (password) successful!
20210123-19:59:31.096, 172.19.1.252,Authentication (password) successful!
20210123-19:59:33.184, 172.19.1.253,Authentication (password) successful!
20210123-19:59:56.062, 172.19.1.252,Authentication (password) successful!
20210123-19:59:57.762, 172.19.1.253,Authentication (password) successful!
20210123-20:04:55.047, 172.19.1.252,Authentication (password) successful!
20210123-20:04:57.130, 172.19.1.253,Authentication (password) successful!
20210123-20:05:19.682, 172.19.1.252,Authentication (password) successful!
20210123-20:05:21.126, 172.19.1.253,Authentication (password) successful!
20210123-20:05:43.887, 172.19.1.252,Authentication (password) successful!
20210123-20:05:45.779, 172.19.1.253,Authentication (password) successful!
20210123-20:07:11.818, 172.19.1.252,Authentication (password) successful!
20210123-20:07:13.522, 172.19.1.253,Authentication (password) successful!
20210123-20:07:36.364, 172.19.1.252,Authentication (password) successful!
20210123-20:07:37.975, 172.19.1.253,Authentication (password) successful!
20210123-20:08:00.482, 172.19.1.252,Authentication (password) successful!
20210123-20:08:01.994, 172.19.1.253,Authentication (password) successful!
20210123-20:10:36.387, 172.19.1.252,Authentication (password) successful!
20210123-20:10:38.176, 172.19.1.253,Authentication (password) successful!
20210123-20:11:00.658, 172.19.1.252,Authentication (password) successful!
20210123-20:11:02.049, 172.19.1.253,Authentication (password) successful!
20210123-20:11:24.497, 172.19.1.252,Authentication (password) successful!
20210123-20:11:26.091, 172.19.1.253,Authentication (password) successful!
20210123-20:14:00.795, 172.19.1.252,Authentication (password) successful!
20210123-20:14:02.733, 172.19.1.253,Authentication (password) successful!
20210123-20:14:25.297, 172.19.1.252,Authentication (password) successful!
20210123-20:14:26.715, 172.19.1.253,Authentication (password) successful!
20210123-20:14:49.542, 172.19.1.252,Authentication (password) successful!
20210123-20:14:51.120, 172.19.1.253,Authentication (password) successful!
20210123-20:16:56.909, 172.19.1.252,Authentication (password) successful!
20210123-20:16:58.434, 172.19.1.253,Authentication (password) successful!
20210123-20:17:20.893, 172.19.1.252,Authentication (password) successful!
20210123-20:17:22.357, 172.19.1.253,Authentication (password) successful!
20210123-20:17:44.923, 172.19.1.252,Authentication (password) successful!
20210123-20:17:46.461, 172.19.1.253,Authentication (password) successful!
20210123-20:26:36.263, 172.19.1.252,Authentication (password) successful!
20210123-20:26:37.850, 172.19.1.253,Authentication (password) successful!
20210123-20:27:00.650, 172.19.1.252,Authentication (password) successful!
20210123-20:27:02.406, 172.19.1.253,Authentication (password) successful!
20210123-20:27:25.014, 172.19.1.252,Authentication (password) successful!
20210123-20:27:26.510, 172.19.1.253,Authentication (password) successful!
20210123-20:30:06.686, 172.19.1.252,Authentication (password) successful!
20210123-20:30:08.394, 172.19.1.253,Authentication (password) successful!
20210123-20:30:31.095, 172.19.1.252,Authentication (password) successful!
20210123-20:30:32.455, 172.19.1.253,Authentication (password) successful!
20210123-20:30:55.364, 172.19.1.252,Authentication (password) successful!
20210123-20:30:57.077, 172.19.1.253,Authentication (password) successful!
20210123-20:33:43.731, 172.19.1.252,Authentication (password) successful!
20210123-20:33:45.615, 172.19.1.253,Authentication (password) successful!
20210123-20:34:08.414, 172.19.1.252,Authentication (password) successful!
20210123-20:34:10.284, 172.19.1.253,Authentication (password) successful!
20210123-20:34:33.022, 172.19.1.252,Authentication (password) successful!
20210123-20:34:34.681, 172.19.1.253,Authentication (password) successful!
20210123-20:38:16.200, 172.19.1.252,Authentication (password) successful!
20210123-20:38:18.271, 172.19.1.253,Authentication (password) successful!
20210123-20:38:41.161, 172.19.1.252,Authentication (password) successful!
20210123-20:38:42.819, 172.19.1.253,Authentication (password) successful!
20210123-20:39:05.620, 172.19.1.252,Authentication (password) successful!
20210123-20:39:07.490, 172.19.1.253,Authentication (password) successful!
20210123-20:42:40.391, 172.19.1.252,Authentication (password) successful!
20210123-20:42:42.524, 172.19.1.253,Authentication (password) successful!
20210123-20:42:59.391, 172.19.1.252,Authentication (password) successful!
20210123-20:43:01.609, 172.19.1.253,Authentication (password) successful!
20210123-20:43:24.994, 172.19.1.252,Authentication (password) successful!
20210123-20:43:27.367, 172.19.1.253,Authentication (password) successful!
20210123-20:45:23.651, 172.19.1.252,Authentication (password) successful!
20210123-20:45:27.152, 172.19.1.253,Authentication (password) successful!
20210123-20:45:50.044, 172.19.1.252,Authentication (password) successful!
20210123-20:45:51.827, 172.19.1.253,Authentication (password) successful!
20210123-20:46:14.523, 172.19.1.252,Authentication (password) successful!
20210123-20:46:16.335, 172.19.1.253,Authentication (password) successful!
20210123-20:47:57.635, 172.19.1.252,Authentication (password) successful!
20210123-20:47:59.443, 172.19.1.253,Authentication (password) successful!
20210123-20:48:21.974, 172.19.1.252,Authentication (password) successful!
20210123-20:48:23.426, 172.19.1.253,Authentication (password) successful!
20210123-20:48:46.289, 172.19.1.252,Authentication (password) successful!
20210123-20:48:48.175, 172.19.1.253,Authentication (password) successful!
20210123-20:55:28.764, 172.19.1.252,Authentication (password) successful!
20210123-20:55:30.775, 172.19.1.253,Authentication (password) successful!
20210123-20:55:53.443, 172.19.1.252,Authentication (password) successful!
20210123-20:55:54.926, 172.19.1.253,Authentication (password) successful!
20210123-20:56:17.483, 172.19.1.252,Authentication (password) successful!
20210123-20:56:19.167, 172.19.1.253,Authentication (password) successful!
20210123-21:00:17.031, 172.19.1.252,Authentication (password) successful!
20210123-21:00:19.474, 172.19.1.253,Authentication (password) successful!
20210123-21:00:42.246, 172.19.1.252,Authentication (password) successful!
20210123-21:00:44.130, 172.19.1.253,Authentication (password) successful!
20210123-21:01:07.319, 172.19.1.252,Authentication (password) successful!
20210123-21:01:09.301, 172.19.1.253,Authentication (password) successful!
20210123-21:03:40.616, 172.19.1.252,Authentication (password) successful!
20210123-21:03:42.602, 172.19.1.253,Authentication (password) successful!
20210123-21:04:05.383, 172.19.1.252,Authentication (password) successful!
20210123-21:04:07.226, 172.19.1.253,Authentication (password) successful!
20210123-21:04:30.108, 172.19.1.252,Authentication (password) successful!
20210123-21:04:31.879, 172.19.1.253,Authentication (password) successful!
20210123-21:06:02.579, 172.19.1.252,Authentication (password) successful!
20210123-21:06:05.389, 172.19.1.253,Authentication (password) successful!
20210123-21:06:28.385, 172.19.1.252,Authentication (password) successful!
20210123-21:06:29.901, 172.19.1.253,Authentication (password) successful!
20210123-21:06:52.587, 172.19.1.252,Authentication (password) successful!
20210123-21:06:55.031, 172.19.1.253,Authentication (password) successful!
20210123-21:08:15.745, 172.19.1.252,Authentication (password) successful!
20210123-21:08:17.355, 172.19.1.253,Authentication (password) successful!
20210123-21:08:40.124, 172.19.1.252,Authentication (password) successful!
20210123-21:08:41.787, 172.19.1.253,Authentication (password) successful!
20210123-21:09:04.589, 172.19.1.252,Authentication (password) successful!
20210123-21:09:06.043, 172.19.1.253,Authentication (password) successful!
20210123-21:11:25.662, 172.19.1.252,Authentication (password) successful!
20210123-21:11:27.748, 172.19.1.253,Authentication (password) successful!
20210123-21:11:50.495, 172.19.1.252,Authentication (password) successful!
20210123-21:11:52.394, 172.19.1.253,Authentication (password) successful!
20210123-21:12:15.094, 172.19.1.252,Authentication (password) successful!
20210123-21:12:16.483, 172.19.1.253,Authentication (password) successful!
20210123-21:16:00.371, 172.19.1.252,Authentication (password) successful!
20210123-21:16:02.444, 172.19.1.253,Authentication (password) successful!
20210123-21:16:25.990, 172.19.1.252,Authentication (password) successful!
20210123-21:16:28.712, 172.19.1.253,Authentication (password) successful!
20210123-21:16:51.961, 172.19.1.252,Authentication (password) successful!
20210123-21:16:53.772, 172.19.1.253,Authentication (password) successful!
20210123-21:20:41.547, 172.19.1.252,Authentication (password) successful!
20210123-21:20:43.486, 172.19.1.253,Authentication (password) successful!
20210123-21:21:06.295, 172.19.1.252,Authentication (password) successful!
20210123-21:21:08.424, 172.19.1.253,Authentication (password) successful!
20210123-21:21:30.942, 172.19.1.252,Authentication (password) successful!
20210123-21:21:32.506, 172.19.1.253,Authentication (password) successful!
20210123-21:23:12.003, 172.19.1.252,Authentication (password) successful!
20210123-21:23:13.635, 172.19.1.253,Authentication (password) successful!
20210123-21:23:36.129, 172.19.1.252,Authentication (password) successful!
20210123-21:23:37.709, 172.19.1.253,Authentication (password) successful!
20210123-21:24:00.114, 172.19.1.252,Authentication (password) successful!
20210123-21:24:01.700, 172.19.1.253,Authentication (password) successful!
20210123-21:46:36.431, 172.19.1.252,Authentication (password) successful!
20210123-21:46:38.243, 172.19.1.253,Authentication (password) successful!
20210123-21:46:57.905, 172.19.1.252,Authentication (password) successful!
20210123-21:46:59.920, 172.19.1.253,Authentication (password) successful!
20210123-21:47:23.203, 172.19.1.252,Authentication (password) successful!
20210123-21:47:25.109, 172.19.1.253,Authentication (password) successful!
20210123-21:48:23.908, 172.19.1.252,Authentication (password) successful!
20210123-21:48:26.373, 172.19.1.253,Authentication (password) successful!
20210123-21:48:49.246, 172.19.1.252,Authentication (password) successful!
20210123-21:48:50.638, 172.19.1.253,Authentication (password) successful!
20210123-21:49:13.213, 172.19.1.252,Authentication (password) successful!
20210123-21:49:14.710, 172.19.1.253,Authentication (password) successful!
20210123-21:57:05.773, 172.19.1.252,Authentication (password) successful!
20210123-21:57:07.482, 172.19.1.253,Authentication (password) successful!
20210123-21:57:30.127, 172.19.1.252,Authentication (password) successful!
20210123-21:57:31.715, 172.19.1.253,Authentication (password) successful!
20210123-21:57:54.354, 172.19.1.252,Authentication (password) successful!
20210123-21:57:55.965, 172.19.1.253,Authentication (password) successful!
20210123-21:59:55.059, 172.19.1.252,Authentication (password) successful!
20210123-21:59:57.677, 172.19.1.253,Authentication (password) successful!
20210123-22:00:10.420, 172.19.1.252,Authentication (password) successful!
20210123-22:00:11.947, 172.19.1.253,Authentication (password) successful!
20210123-22:00:34.724, 172.19.1.252,Authentication (password) successful!
20210123-22:00:36.234, 172.19.1.253,Authentication (password) successful!
20210123-22:02:38.482, 172.19.1.252,Authentication (password) successful!
20210123-22:02:41.133, 172.19.1.253,Authentication (password) successful!
20210123-22:03:04.251, 172.19.1.252,Authentication (password) successful!
20210123-22:03:05.881, 172.19.1.253,Authentication (password) successful!
20210123-22:03:28.728, 172.19.1.252,Authentication (password) successful!
20210123-22:03:30.505, 172.19.1.253,Authentication (password) successful!
20210123-22:05:29.667, 172.19.1.252,Authentication (password) successful!
20210123-22:05:31.746, 172.19.1.253,Authentication (password) successful!
20210123-22:05:54.444, 172.19.1.252,Authentication (password) successful!
20210123-22:05:56.080, 172.19.1.253,Authentication (password) successful!
20210123-22:06:19.658, 172.19.1.252,Authentication (password) successful!
20210123-22:06:21.807, 172.19.1.253,Authentication (password) successful!
20210123-22:07:58.741, 172.19.1.252,Authentication (password) successful!
20210123-22:08:00.905, 172.19.1.253,Authentication (password) successful!
20210123-22:08:23.605, 172.19.1.252,Authentication (password) successful!
20210123-22:08:25.002, 172.19.1.253,Authentication (password) successful!
20210123-22:08:47.538, 172.19.1.252,Authentication (password) successful!
20210123-22:08:48.960, 172.19.1.253,Authentication (password) successful!
20210123-22:11:54.361, 172.19.1.252,Authentication (password) successful!
20210123-22:11:56.630, 172.19.1.253,Authentication (password) successful!
20210123-22:12:19.655, 172.19.1.252,Authentication (password) successful!
20210123-22:12:21.842, 172.19.1.253,Authentication (password) successful!
20210123-22:12:45.777, 172.19.1.252,Authentication (password) successful!
20210123-22:12:47.743, 172.19.1.253,Authentication (password) successful!
20210123-22:14:01.748, 172.19.1.251,Authentication (password) successful!
20210123-22:14:03.869, 172.19.1.252,Authentication (password) successful!
20210123-22:14:05.595, 172.19.1.253,Authentication (password) successful!
20210123-22:14:06.958, 172.19.1.251,Authentication (password) successful!
20210123-22:14:09.040, 172.19.1.252,Authentication (password) successful!
20210123-22:14:11.017, 172.19.1.253,Authentication (password) successful!
20210123-22:14:12.263, 172.19.1.251,Authentication (password) successful!
20210123-22:14:14.017, 172.19.1.252,Authentication (password) successful!
20210123-22:14:15.448, 172.19.1.253,Authentication (password) successful!
20210123-22:15:09.806, 172.19.1.251,Authentication (password) successful!
20210123-22:15:12.541, 172.19.1.252,Authentication (password) successful!
20210123-22:15:14.045, 172.19.1.253,Authentication (password) successful!
20210123-22:15:15.866, 172.19.1.251,Authentication (password) successful!
20210123-22:15:18.417, 172.19.1.252,Authentication (password) successful!
20210123-22:15:20.162, 172.19.1.253,Authentication (password) successful!
20210123-22:15:21.778, 172.19.1.251,Authentication (password) successful!
20210123-22:15:23.468, 172.19.1.252,Authentication (password) successful!
20210123-22:15:25.010, 172.19.1.253,Authentication (password) successful!
20210123-22:18:46.511, 172.19.1.253,Authentication (password) successful!
20210123-22:19:30.714, 172.19.1.253,Authentication (password) successful!
20210123-22:20:14.333, 172.19.1.253,Authentication (password) successful!
 20210122-22:03:26.808298,172.19.1.251,Unable to connect to the host on port 22:
 20210122-22:05:35.302080,172.19.1.251,Unable to connect to the host on port 22:
 20210122-22:07:18.495870,172.19.1.251,Unable to connect to the host on port 22:
 20210122-22:13:05.994938,172.19.1.251,Unable to connect to the host on port 22:
 20210122-22:18:20.030097,172.19.1.251,Unable to connect to the host on port 22:
 20210122-22:24:50.843765,172.19.1.251,Unable to connect to the host on port 22:
 20210122-22:25:52.038060,172.19.1.251,Unable to connect to the host on port 22:
 20210122-22:26:39.024208,172.19.1.251,Unable to connect to the host on port 22:
 20210122-22:30:45.166454,172.19.1.251,Unable to connect to the host on port 22:
 20210122-22:31:46.800823,172.19.1.251,Unable to connect to the host on port 22:
 20210122-22:34:32.105702,172.19.1.251,Unable to connect to the host on port 22:
 20210122-22:48:09.457069,172.19.1.251,Unable to connect to the host on port 22:
 20210122-22:49:03.664210,172.19.1.251,Unable to connect to the host on port 22:
 20210122-22:50:21.561845,172.19.1.251,Unable to connect to the host on port 22:
 20210122-22:50:57.139285,172.19.1.251,Unable to connect to the host on port 22:
 20210122-22:51:48.563838,172.19.1.251,Unable to connect to the host on port 22:
 20210122-22:53:57.112152,172.19.1.251,Unable to connect to the host on port 22:
 20210122-22:55:29.687347,172.19.1.251,Unable to connect to the host on port 22:
 20210122-22:56:22.692758,172.19.1.251,Unable to connect to the host on port 22:
 20210122-22:57:12.962841,172.19.1.251,Unable to connect to the host on port 22:
 20210122-23:04:44.484778,172.19.1.251,Unable to connect to the host on port 22:
 20210122-23:07:28.173870,172.19.1.251,Unable to connect to the host on port 22:
 20210122-23:08:16.602093,172.19.1.251,Unable to connect to the host on port 22:
 20210122-23:12:25.793666,172.19.1.251,Unable to connect to the host on port 22:
 20210123-01:10:44,172.19.1.25,Unable to connect to the host on port 22:
 20210123-01:13:22,172.19.1.25,Unable to connect to the host on port 22:
 20210123-01:15:45,172.19.1.25,Unable to connect to the host on port 22:
 20210123-01:19:40,172.19.1.25,Unable to connect to the host on port 22:
 20210123-01:24:21,172.19.1.25,Unable to connect to the host on port 22:
 20210123-01:27:06,172.19.1.25,Unable to connect to the host on port 22:
 20210123-01:31:07,172.19.1.25,Unable to connect to the host on port 22:
 20210123-01:37:42,172.19.1.25,Unable to connect to the host on port 22:
 20210123-01:41:19,172.19.1.25,Unable to connect to the host on port 22:
 20210123-01:47:15,172.19.1.25,Unable to connect to the host on port 22:
 20210123-01:54:57,172.19.1.25,Unable to connect to the host on port 22:
 20210123-01:59:52,172.19.1.25,Unable to connect to the host on port 22:
 20210123-02:03:35,172.19.1.25,Unable to connect to the host on port 22:
 20210123-18:09:09,172.19.1.25,Unable to connect to the host on port 22:
 20210123-18:13:40,172.19.1.25,Unable to connect to the host on port 22:
 20210123-18:30:18,172.19.1.25,Unable to connect to the host on port 22:
 20210123-18:33:03,172.19.1.25,Unable to connect to the host on port 22:
 20210123-18:34:54,172.19.1.25,Unable to connect to the host on port 22:
 20210123-18:37:03,172.19.1.25,Unable to connect to the host on port 22:
 20210123-18:39:51,172.19.1.25,Unable to connect to the host on port 22:
 20210123-18:42:21,172.19.1.25,Unable to connect to the host on port 22:
 20210123-18:44:52,172.19.1.25,Unable to connect to the host on port 22:
 20210123-19:04:06,172.19.1.25,Unable to connect to the host on port 22:
 20210123-19:06:51,172.19.1.25,Unable to connect to the host on port 22:
 20210123-19:10:09,172.19.1.25,Unable to connect to the host on port 22:
 20210123-19:13:09,172.19.1.25,Unable to connect to the host on port 22:
 20210123-19:15:09,172.19.1.25,Unable to connect to the host on port 22:
 20210123-19:17:28,172.19.1.25,Unable to connect to the host on port 22:
 20210123-19:20:02,172.19.1.25,Unable to connect to the host on port 22:
 20210123-19:24:09,172.19.1.25,Unable to connect to the host on port 22:
 20210123-19:27:07,172.19.1.25,Unable to connect to the host on port 22:
 20210123-19:34:32,172.19.1.25,Unable to connect to the host on port 22:
 20210123-19:37:12,172.19.1.25,Unable to connect to the host on port 22:
 20210123-19:39:27,172.19.1.25,Unable to connect to the host on port 22:
 20210123-19:44:07,172.19.1.25,Unable to connect to the host on port 22:
 20210123-19:46:35,172.19.1.25,Unable to connect to the host on port 22:
 20210123-19:49:06,172.19.1.25,Unable to connect to the host on port 22:
 20210123-19:52:46,172.19.1.25,Unable to connect to the host on port 22:
 20210123-19:56:33,172.19.1.25,Unable to connect to the host on port 22:
 20210123-19:59:58,172.19.1.25,Unable to connect to the host on port 22:
 20210123-20:05:46,172.19.1.25,Unable to connect to the host on port 22:
 20210123-20:08:02,172.19.1.25,Unable to connect to the host on port 22:
 20210123-20:11:26,172.19.1.25,Unable to connect to the host on port 22:
 20210123-20:14:51,172.19.1.25,Unable to connect to the host on port 22:
 20210123-20:17:46,172.19.1.25,Unable to connect to the host on port 22:
 20210123-20:27:26,172.19.1.25,Unable to connect to the host on port 22:
 20210123-20:30:57,172.19.1.25,Unable to connect to the host on port 22:
 20210123-20:34:35,172.19.1.25,Unable to connect to the host on port 22:
 20210123-20:39:07,172.19.1.25,Unable to connect to the host on port 22:
 20210123-20:43:27,172.19.1.25,Unable to connect to the host on port 22:
 20210123-20:46:16,172.19.1.25,Unable to connect to the host on port 22:
 20210123-20:48:48,172.19.1.25,Unable to connect to the host on port 22:
 20210123-20:56:19,172.19.1.25,Unable to connect to the host on port 22:
 20210123-21:01:09,172.19.1.25,Unable to connect to the host on port 22:
 20210123-21:04:32,172.19.1.25,Unable to connect to the host on port 22:
 20210123-21:06:55,172.19.1.25,Unable to connect to the host on port 22:
 20210123-21:09:06,172.19.1.25,Unable to connect to the host on port 22:
 20210123-21:12:16,172.19.1.25,Unable to connect to the host on port 22:
 20210123-21:16:54,172.19.1.25,Unable to connect to the host on port 22:
 20210123-21:21:32,172.19.1.25,Unable to connect to the host on port 22:
 20210123-21:24:02,172.19.1.25,Unable to connect to the host on port 22:
 20210123-21:47:25,172.19.1.25,Unable to connect to the host on port 22:
 20210123-21:49:14,172.19.1.25,Unable to connect to the host on port 22:
 20210123-21:57:56,172.19.1.25,Unable to connect to the host on port 22:
 20210123-22:00:36,172.19.1.25,Unable to connect to the host on port 22:
 20210123-22:06:22,172.19.1.25,Unable to connect to the host on port 22:
 20210123-22:08:49,172.19.1.25,Unable to connect to the host on port 22:
 20210123-22:12:48,172.19.1.25,Unable to connect to the host on port 22:
 20210123-22:20:14,172.19.1.25,Unable to connect to the host on port 22:
